<code_scheme name="Default" version="173">
  <option name="RIGHT_MARGIN" value="140" />
  <JetCodeStyleSettings>
    <option name="CODE_STYLE_DEFAULTS" value="KOTLIN_OFFICIAL" />
  </JetCodeStyleSettings>
  <TypeScriptCodeStyleSettings version="0">
    <option name="FORCE_SEMICOLON_STYLE" value="true" />
    <option name="USE_DOUBLE_QUOTES" value="false" />
    <option name="FORCE_QUOTE_STYlE" value="true" />
  </TypeScriptCodeStyleSettings>
  <codeStyleSettings language="kotlin">
    <option name="CODE_STYLE_DEFAULTS" value="KOTLIN_OFFICIAL" />
  </codeStyleSettings>
</code_scheme>