<application>
  <component name="SettingsSyncSettings">
    <option name="disabledSubcategories">
      <map>
        <entry key="PLUGINS">
          <value>
            <list>
              <option value="com.firsttimeinforever.intellij.pdf.viewer.intellij-pdf-viewer" />
              <option value="com.jetbrains.space" />
              <option value="dev.blachut.svelte.lang" />
              <option value="org.intellij.plugins.hcl" />
            </list>
          </value>
        </entry>
      </map>
    </option>
    <option name="migrationFromOldStorageChecked" value="true" />
    <option name="syncEnabled" value="true" />
  </component>
</application>