<keymap version="1" name="Cihan Custom" parent="VSCode">
  <action id="$Copy">
    <keyboard-shortcut first-keystroke="ctrl c" />
  </action>
  <action id="$Delete">
    <keyboard-shortcut first-keystroke="delete" />
    <keyboard-shortcut first-keystroke="d" />
  </action>
  <action id="ActivateBookmarksToolWindow" />
  <action id="ActivateDatabaseToolWindow">
    <keyboard-shortcut first-keystroke="ctrl b" />
  </action>
  <action id="ActivateFindToolWindow" />
  <action id="ActivateProjectToolWindow">
    <keyboard-shortcut first-keystroke="shift ctrl e" />
    <keyboard-shortcut first-keystroke="ctrl e" />
  </action>
  <action id="ActivateTerminalToolWindow">
    <keyboard-shortcut first-keystroke="ctrl #10000f9" />
    <keyboard-shortcut first-keystroke="ctrl t" />
  </action>
  <action id="ActivateVersionControlToolWindow">
    <keyboard-shortcut first-keystroke="shift ctrl g" />
    <keyboard-shortcut first-keystroke="ctrl g" />
  </action>
  <action id="CloseAllEditors" />
  <action id="CloseAllEditorsButActive" />
  <action id="CloseProject">
    <keyboard-shortcut first-keystroke="shift ctrl w" />
  </action>
  <action id="CollapseAllRegions" />
  <action id="CollapseBlock">
    <keyboard-shortcut first-keystroke="ctrl alt open_bracket" />
  </action>
  <action id="CollapseDocComments" />
  <action id="CollapseRegionRecursively" />
  <action id="CommentByLineComment">
    <keyboard-shortcut first-keystroke="ctrl colon" />
  </action>
  <action id="CompareClipboardWithSelection" />
  <action id="Console.Jdbc.Execute">
    <keyboard-shortcut first-keystroke="ctrl r" />
  </action>
  <action id="CopyAbsolutePath">
    <keyboard-shortcut first-keystroke="shift alt c" />
  </action>
  <action id="CopyPaths">
    <keyboard-shortcut first-keystroke="shift alt c" />
  </action>
  <action id="EditSourceInNewWindow" />
  <action id="Editor Copy">
    <keyboard-shortcut first-keystroke="ctrl c" />
  </action>
  <action id="Editor Delete">
    <keyboard-shortcut first-keystroke="d" />
  </action>
  <action id="EditorDown">
    <keyboard-shortcut first-keystroke="down" />
    <keyboard-shortcut first-keystroke="ctrl j" />
    <keyboard-shortcut first-keystroke="j" />
  </action>
  <action id="EditorPasteFromX11" />
  <action id="EditorUp">
    <keyboard-shortcut first-keystroke="up" />
    <keyboard-shortcut first-keystroke="ctrl k" />
    <keyboard-shortcut first-keystroke="k" />
  </action>
  <action id="ExpandAllRegions" />
  <action id="ExpandRegionRecursively" />
  <action id="FileChooser.NewFile" />
  <action id="FindNext">
    <keyboard-shortcut first-keystroke="f3" />
  </action>
  <action id="GoToTab1">
    <keyboard-shortcut first-keystroke="alt 1" />
    <keyboard-shortcut first-keystroke="alt ampersand" />
  </action>
  <action id="GoToTab2">
    <keyboard-shortcut first-keystroke="alt 2" />
    <keyboard-shortcut first-keystroke="alt #10000e9" />
  </action>
  <action id="GoToTab3">
    <keyboard-shortcut first-keystroke="alt 3" />
    <keyboard-shortcut first-keystroke="alt quotedbl" />
  </action>
  <action id="GoToTab4">
    <keyboard-shortcut first-keystroke="alt 4" />
    <keyboard-shortcut first-keystroke="alt quote" />
  </action>
  <action id="GoToTab5">
    <keyboard-shortcut first-keystroke="alt 5" />
    <keyboard-shortcut first-keystroke="alt left_parenthesis" />
  </action>
  <action id="GoToTab6">
    <keyboard-shortcut first-keystroke="alt 6" />
    <keyboard-shortcut first-keystroke="alt minus" />
  </action>
  <action id="GotoAction" />
  <action id="GotoLine" />
  <action id="GotoRow" />
  <action id="GotoSymbol">
    <keyboard-shortcut first-keystroke="shift ctrl o" />
    <keyboard-shortcut first-keystroke="shift ctrl p" />
  </action>
  <action id="Help.KeymapReference" />
  <action id="HideActiveWindow" />
  <action id="HideSideWindows" />
  <action id="JumpToLastChange" />
  <action id="List-selectNextRow">
    <keyboard-shortcut first-keystroke="down" />
    <keyboard-shortcut first-keystroke="ctrl j" />
  </action>
  <action id="List-selectPreviousRow">
    <keyboard-shortcut first-keystroke="up" />
    <keyboard-shortcut first-keystroke="ctrl k" />
  </action>
  <action id="Markdown.Layout.EditorAndPreview" />
  <action id="MaximizeToolWindow">
    <keyboard-shortcut first-keystroke="shift ctrl quote" />
    <keyboard-shortcut first-keystroke="ctrl alt t" />
  </action>
  <action id="MoveTabRight" />
  <action id="NavBar-selectDown">
    <keyboard-shortcut first-keystroke="down" />
    <keyboard-shortcut first-keystroke="ctrl j" />
  </action>
  <action id="NavBar-selectUp">
    <keyboard-shortcut first-keystroke="up" />
    <keyboard-shortcut first-keystroke="ctrl k" />
  </action>
  <action id="NewFile">
    <keyboard-shortcut first-keystroke="a" />
  </action>
  <action id="NewScratchFile">
    <keyboard-shortcut first-keystroke="shift ctrl alt insert" />
    <keyboard-shortcut first-keystroke="ctrl alt g" />
    <keyboard-shortcut first-keystroke="shift ctrl n" />
  </action>
  <action id="NextSplitter" />
  <action id="OverrideFileTypeAction" />
  <action id="PinActiveTabAction" />
  <action id="PopupMenu-selectNext">
    <keyboard-shortcut first-keystroke="down" />
    <keyboard-shortcut first-keystroke="ctrl j" />
  </action>
  <action id="PopupMenu-selectPrevious">
    <keyboard-shortcut first-keystroke="up" />
    <keyboard-shortcut first-keystroke="ctrl k" />
  </action>
  <action id="PrevSplitter" />
  <action id="QuickChangeScheme" />
  <action id="QuickJavaDoc" />
  <action id="RecentFiles" />
  <action id="RemoteServers.EditServerConfig" />
  <action id="RenameElement">
    <keyboard-shortcut first-keystroke="f2" />
    <keyboard-shortcut first-keystroke="r" />
  </action>
  <action id="RerunFailedTests" />
  <action id="RevealIn">
    <keyboard-shortcut first-keystroke="shift alt r" />
  </action>
  <action id="RiderCoveringTestsPopupRunSelectedTestsAction" />
  <action id="RunDashboard.EditConfiguration" />
  <action id="SaveAll" />
  <action id="SchemaCompare.SaveScmpFile" />
  <action id="SelectInProjectView" />
  <action id="SelectNextOccurrence">
    <keyboard-shortcut first-keystroke="ctrl d" />
    <keyboard-shortcut first-keystroke="ctrl f3" />
    <keyboard-shortcut first-keystroke="ctrl l" />
  </action>
  <action id="ShowNavBar" />
  <action id="SurroundWith">
    <keyboard-shortcut first-keystroke="ctrl alt t" />
    <keyboard-shortcut first-keystroke="shift ctrl semicolon" />
  </action>
  <action id="SwitcherIterateItems" />
  <action id="SwitcherRecentEditedChangedToggleCheckBox" />
  <action id="Table-selectNextRow">
    <keyboard-shortcut first-keystroke="down" />
    <keyboard-shortcut first-keystroke="ctrl j" />
  </action>
  <action id="Table-selectPreviousRow">
    <keyboard-shortcut first-keystroke="up" />
    <keyboard-shortcut first-keystroke="ctrl k" />
  </action>
  <action id="Terminal.NewTab">
    <keyboard-shortcut first-keystroke="shift ctrl t" />
  </action>
  <action id="Terminal.NextSplitter" />
  <action id="Terminal.PrevSplitter" />
  <action id="Terminal.SplitVertically">
    <keyboard-shortcut first-keystroke="shift ctrl 5" />
    <keyboard-shortcut first-keystroke="shift ctrl left_parenthesis" />
  </action>
  <action id="ToggleZenMode" />
  <action id="Tree-selectChild">
    <keyboard-shortcut first-keystroke="right" />
    <keyboard-shortcut first-keystroke="ctrl l" />
  </action>
  <action id="Tree-selectNext">
    <keyboard-shortcut first-keystroke="down" />
    <keyboard-shortcut first-keystroke="ctrl n" />
    <keyboard-shortcut first-keystroke="ctrl j" />
  </action>
  <action id="Tree-selectParent">
    <keyboard-shortcut first-keystroke="left" />
    <keyboard-shortcut first-keystroke="ctrl h" />
  </action>
  <action id="Tree-selectPrevious">
    <keyboard-shortcut first-keystroke="up" />
    <keyboard-shortcut first-keystroke="ctrl k" />
  </action>
  <action id="Vcs.Log.ShowTooltip" />
  <action id="copilot.cycleNextInlays">
    <keyboard-shortcut first-keystroke="alt close_bracket" />
    <keyboard-shortcut first-keystroke="ctrl period" />
    <keyboard-shortcut first-keystroke="shift ctrl comma" />
  </action>
  <action id="copilot.disposeInlays" />
  <action id="copilot.requestCompletions">
    <keyboard-shortcut first-keystroke="alt back_slash" />
    <keyboard-shortcut first-keystroke="ctrl l" />
  </action>
  <action id="org.intellij.plugins.markdown.ui.actions.styling.ToggleBoldAction" />
  <action id="pdf.viewer.FindForwardAction">
    <keyboard-shortcut first-keystroke="f3" />
  </action>
</keymap>